ID,NAME
110111,NEED FOR SPEED - VI
110112,The Need for Speed (1994)
110113,Need for Speed IIÿ(1997)
110114,Need for Speed III: Hot Pursuitÿ(1998)
110115,Need for Speed: Porsche Unleashed/Porsche 2000ÿ(2000)
110116,Need for Speed: Most Wantedÿ(2012)
110117,Need for Speed: No Limitsÿ(2015)
110118,Motor City Onlineÿ(2001)
110119,FIFA Football 2002
110120,FIFA 15
110121,FIFA 16
110122,FIFA 17
110123,FIFA World Cup licensed games
110124,UEFA European Championship licensed games
110125,Mass Effect 3
110126,Metroid II: Return of Samus
110127,5 A Day Adventures
110128,Jazz Jackrabbit 2
110129,Golden Sun
110130,Golden Sun: The Lost Age
110131,Call of Duty 2
110132,Call of Duty: Black Ops
110133,Call of Duty: United Offensive
110134,Commandos: Strike Force
110135,Company of Heroes
110136,Cossacks II: Battle for Europe
110137,Kentucky Route Zero
110138,Universe Sandbox
110139,Quake II
110140,War of the Lance
110141,World of Goo
110142,X-Plane
110143,Zoo Tycoon 2: Marine Mania
110144,Zork: Grand Inquisitor